{
  "project_info": {
    "project_number": "1075741315803",
    "project_id": "elder-reach",
    "storage_bucket": "elder-reach.appspot.com"
  },
  "client": [
    {
      "client_info": {
        "mobilesdk_app_id": "1:1075741315803:android:1c3383aa35bf5780b972fe",
        "android_client_info": {
          "package_name": "com.example.firebase"
        }
      },
      "oauth_client": [],
      "api_key": [
        {
          "current_key": "AIzaSyAPYXLv4P8C81_i46Shsa0-voQLRlJpers"
        }
      ],
      "services": {
        "appinvite_service": {
          "other_platform_oauth_client": []
        }
      }
    }
  ],
  "configuration_version": "1"
}